{"Accuracy": 0.9983333333333333, "Precision": 0.9983374792703152, "Recall": 0.9983333333333333, "F1-Score": 0.9983333281249676, "ROC-AUC": 0.9999991666666667}